{"0":9.910736083984375,"1":10.09023380279541,"2":10.000484466552734,"3":9.8209867477417,"4":9.551737785339355,"5":9.46198844909668,"6":9.102997779846191,"7":8.923502922058105,"8":10.449302673339844,"9":12.962968826293945,"10":15.92550277709961,"11":15.386860847473145,"12":16.015277862548828,"13":15.566410064697266,"14":15.386860847473145,"15":15.207313537597656,"16":14.758443832397461,"17":14.040253639221191,"18":13.411835670471191,"19":13.052742958068848,"20":12.693648338317871,"21":11.8856840133667,"22":11.975457191467285,"23":11.077718734741211,"24":10.359529495239258,"25":9.731237411499023,"26":9.910736083984375,"27":10.09023380279541,"28":10.80839729309082,"29":9.910736083984375,"30":10.09023380279541,"31":10.987945556640625,"32":12.603874206542969,"33":13.770933151245117,"34":15.476635932922363,"35":16.46414566040039,"36":17.720977783203125,"37":18.61872100830078,"38":19.33690643310547,"39":18.888038635253906,"40":19.7857723236084,"41":17.272111892700195,"42":15.92550277709961,"43":14.578895568847656,"44":14.578895568847656,"45":13.770933151245117,"46":13.232292175292969,"47":12.603874206542969,"48":13.681159019470215,"49":13.322063446044922,"50":13.322063446044922,"51":12.424325942993164,"52":12.424325942993164,"53":13.322063446044922,"54":13.860706329345703,"55":14.21980094909668,"56":15.11754035949707,"57":15.11754035949707,"58":16.913013458251953,"59":16.913013458251953,"60":17.451658248901367,"61":16.913013458251953,"62":16.015277862548828,"63":16.015277862548828,"64":16.015277862548828,"65":16.73346710205078,"66":16.374372482299805,"67":16.015277862548828,"68":15.835728645324707,"69":15.745955467224121,"70":15.476635932922363,"71":15.207313537597656}